day_type,period,RMSE,MAE,n
weekday,Off-Peak,79.13917506028436,33.506242997048595,234900
weekend,Off-Peak,88.05342048894472,33.63279576990931,93600
weekday,AM Peak,442.6337346504681,170.26119029783732,39150
weekday,PM Peak,242.536979402523,157.77580233091376,39150
weekend,AM Peak,102.67774060231352,71.20706459084923,15600
weekend,PM Peak,109.4194439483744,48.418786266928095,15600
