term,GVIF,Df,GVIF^(1/(2*Df))
destination,0.9999999999999679,49,0.9999999999999997
hour,8401067480496571e9,23,3.4820368116508993
day,3622.666387124346,2,7.758130585000619
is_holiday,1.008094648187397,1,1.0040391666600446
is_giants_home,1.2076272149925533,1,1.0989209320931845
is_as_home,1.174886059229566,1,1.0839216112014587
warriors_at_chase,1.0696854153354447,1,1.0342559718635638
season,1.4734229700815114,3,1.0667301562302687
hour:day,6596068817269131e12,46,2.006243000428717
